;iso_code;continent;location;date;total_cases;new_cases;total_deaths;new_deaths;total_cases_per_million;new_cases_per_million;total_deaths_per_million;new_deaths_per_million;new_tests;total_tests;total_tests_per_thousand;new_tests_per_thousand;new_tests_smoothed;new_tests_smoothed_per_thousand;tests_per_case;positive_rate;tests_units;stringency_index;population;population_density;median_age;aged_65_older;aged_70_older;gdp_per_capita;extreme_poverty;cardiovasc_death_rate;diabetes_prevalence;female_smokers;male_smokers;handwashing_facilities;hospital_beds_per_thousand;life_expectancy;mes
1;AFG;Asia;Afghanistan;31/07/2020;36542;71;1271;0;939;1.824;33;0;NA;NA;NA;NA;NA;NA;NA;NA;;78.7;38928341;54.422;18.6;2.581;1.337;1.803.987;NA;597.029;9.59;NA;NA;37.746;0.5;64.83;7
2;ALB;Europe;Albania;31/07/2020;5197;92;154;4;1806;31.969;54;1.39;NA;NA;NA;NA;NA;NA;NA;NA;;NA;2877800;104.871;38;13.188;8.643;11.803.431;1.1;304.195;10.08;7.1;51.2;NA;2.89;78.57;7
3;DZA;Africa;Algeria;31/07/2020;29831;602;1200;14;680;13.728;27;0.319;NA;NA;NA;NA;NA;NA;NA;NA;;NA;43851043;17.348;29.1;6.211;3.857;13.913.839;0.5;278.364;6.73;0.7;30.4;83.741;1.9;76.88;7
4;AND;Europe;Andorra;31/07/2020;922;4;52;0;11933;51.77;673;0;NA;NA;NA;NA;NA;NA;NA;NA;;NA;77265;163.755;NA;NA;NA;NA;NA;109.135;7.97;29;37.8;NA;NA;83.73;7
5;AGO;Africa;Angola;31/07/2020;1078;78;48;1;33;2.373;1;0.03;NA;NA;NA;NA;NA;NA;NA;NA;;NA;32866268;23.89;16.8;2.405;1.362;5.819.495;NA;276.045;3.94;NA;NA;26.664;NA;61.15;7
7;ATG;North America;Antigua and Barbuda;31/07/2020;91;0;3;0;929;0;31;0;NA;NA;NA;NA;NA;NA;NA;NA;;NA;97928;231.845;32.1;6.933;4.631;21.490.943;NA;191.511;13.17;NA;NA;NA;3.8;77.02;7
8;ARG;South America;Argentina;31/07/2020;178983;5641;3311;111;3960;124.813;73;2.456;13380;621816;13.758;0.296;11796;0.261;2.226;0.449;people tested;NA;45195777;16.177;31.9;11.198;7.441;18.933.907;0.6;191.032;5.5;16.2;27.7;NA;5;76.67;7
9;ARM;Asia;Armenia;31/07/2020;38550;354;738;10;13009;119.464;249;3.375;NA;NA;NA;NA;NA;NA;NA;NA;;NA;2963234;102.931;35.7;11.232;7.571;8787.58;1.8;341.01;7.11;1.5;52.1;94.043;4.2;75.09;7
10;ABW;North America;Aruba;31/07/2020;120;1;3;0;1124;9.366;28;0;NA;NA;NA;NA;NA;NA;NA;NA;;32.41;106766;584.8;41.2;13.085;7.452;35.973.781;NA;NA;11.62;NA;NA;NA;NA;76.29;7
11;AUS;Oceania;Australia;31/07/2020;16303;721;189;13;639;28.275;7;0.51;NA;NA;NA;NA;65714;2.577;153.486;0.007;tests performed;NA;25499881;3.202;37.9;15.504;10.129;44648.71;0.5;107.791;5.07;13;16.5;NA;3.84;83.44;7
12;AUT;Europe;Austria;31/07/2020;21009;163;718;2;2333;18.098;80;0.222;7358;897819;99.687;0.817;9140;1.015;72.131;0.014;tests performed;NA;9006400;106.749;44.4;19.202;13.748;45.436.686;0.7;145.183;6.35;28.4;30.9;NA;7.37;81.54;7
13;AZE;Asia;Azerbaijan;31/07/2020;31560;339;441;3;3113;33.435;43;0.296;NA;NA;NA;NA;NA;NA;NA;NA;;NA;10139175;119.309;32.4;6.018;3.871;15.847.419;NA;559.812;7.11;0.3;42.5;83.241;4.7;73;7
14;BHS;North America;Bahamas;31/07/2020;508;24;14;3;1292;61.03;36;7.629;NA;NA;NA;NA;NA;NA;NA;NA;;NA;393248;39.497;34.3;8.996;5.2;27.717.847;NA;235.954;13.17;3.1;20.4;NA;2.9;73.92;7
15;BHR;Asia;Bahrain;31/07/2020;40755;444;146;2;23951;260.933;86;1.175;4326;830998;488.368;2.542;8656;5.087;21.962;0.046;units unclear;69.44;1701583;1.935.907;32.4;2.372;1.387;43.290.705;NA;151.689;16.52;5.8;37.6;NA;2;77.29;7
16;BGD;Asia;Bangladesh;31/07/2020;234889;2695;3083;48;1426;16.364;19;0.291;NA;NA;NA;NA;NA;NA;NA;NA;;NA;164689383;1.265.036;27.5;5.098;3.262;3.523.984;14.8;298.003;8.38;1;44.7;34.808;0.8;72.59;7
17;BRB;North America;Barbados;31/07/2020;110;0;7;0;383;0;24;0;NA;NA;NA;NA;NA;NA;NA;NA;;NA;287371;664.463;39.8;14.952;9.473;16.978.068;NA;170.05;13.57;1.9;14.5;88.469;5.8;79.19;7
18;BLR;Europe;Belarus;31/07/2020;67665;147;553;5;7161;15.557;59;0.529;10842;1299428;137.515;1.147;9821;1.039;70.365;0.014;tests performed;11.11;9449321;46.858;40.3;14.799;9.788;17.167.967;NA;443.129;5.18;10.5;46.1;NA;11;74.79;7
19;BEL;Europe;Belgium;31/07/2020;69372;633;9842;2;5986;54.618;849;0.173;20750;1697961;146.507;1.79;19590;1.69;39.292;0.025;units unclear;55.56;11589616;375.564;41.8;18.571;12.849;42.658.576;0.2;114.898;4.29;25.1;31.4;NA;5.64;81.63;7
20;BLZ;North America;Belize;31/07/2020;48;0;2;0;121;0;5;0;NA;NA;NA;NA;NA;NA;NA;NA;;67.59;397621;16.426;25;3.853;2.279;7.824.362;NA;176.957;17.11;NA;NA;90.083;1.3;74.62;7
21;BEN;Africa;Benin;31/07/2020;1770;0;35;0;146;0;3;0;NA;NA;NA;NA;NA;NA;NA;NA;;NA;12123198;99.11;18.8;3.244;1.942;2.064.236;49.6;235.848;0.99;0.6;12.3;11.035;0.5;61.77;7
22;BMU;North America;Bermuda;31/07/2020;156;0;9;0;2505;0;145;0;NA;NA;NA;NA;NA;NA;NA;NA;;NA;62273;1308.82;NA;NA;NA;50.669.315;NA;139.547;13;NA;NA;NA;NA;82.59;7
23;BTN;Asia;Bhutan;31/07/2020;101;0;0;0;131;0;0;0;NA;NA;NA;NA;NA;NA;NA;NA;;65.74;771612;21.188;28.6;4.885;2.977;8.708.597;1.5;217.066;9.75;NA;NA;79.807;1.7;71.78;7
24;BOL;South America;Bolivia;31/07/2020;75234;1700;2894;86;6445;145.635;248;7.367;3012;150470;12.89;0.258;2733;0.234;1.917;0.522;units unclear;89.81;11673029;10.202;25.4;6.704;4.393;6.885.829;7.1;204.299;6.89;NA;NA;25.383;1.1;71.51;7
26;BIH;Europe;Bosnia and Herzegovina;31/07/2020;11444;678;328;31;3488;206.656;100;9.449;NA;NA;NA;NA;NA;NA;NA;NA;;NA;3280815;68.496;42.5;16.569;10.711;11.713.895;0.2;329.635;10.08;30.2;47.7;97.164;3.5;77.4;7
27;BWA;Africa;Botswana;31/07/2020;804;0;2;0;342;0;1;0;NA;NA;NA;NA;NA;NA;NA;NA;;64.35;2351625;4.044;25.8;3.941;2.242;15.807.374;NA;237.372;4.81;5.7;34.4;NA;1.8;69.59;7
28;BRA;South America;Brazil;31/07/2020;2610102;57837;91263;1129;12279;272.098;429;5.311;NA;NA;NA;NA;NA;NA;NA;NA;;NA;212559409;25.04;33.5;8.552;5.06;14.103.452;3.4;177.961;8.11;10.1;17.9;NA;2.2;75.88;7
29;VGB;North America;British Virgin Islands;31/07/2020;8;0;1;0;265;0;33;0;NA;NA;NA;NA;NA;NA;NA;NA;;NA;30237;207.973;NA;NA;NA;NA;NA;NA;13.67;NA;NA;NA;NA;79.07;7
30;BRN;Asia;Brunei;31/07/2020;141;0;3;0;322;0;7;0;NA;NA;NA;NA;NA;NA;NA;NA;;NA;437483;81.347;32.4;4.591;2.382;71.809.251;NA;201.285;12.79;2;30.9;NA;2.7;75.86;7
31;BGR;Europe;Bulgaria;31/07/2020;11420;265;374;6;1644;38.138;54;0.864;5582;267045;38.432;0.803;5625;0.81;25.128;0.04;tests performed;NA;6948445;65.18;44.7;20.801;13.272;18.563.307;1.5;424.688;5.81;30.1;44.4;NA;7.454;75.05;7
32;BFA;Africa;Burkina Faso;31/07/2020;1117;0;53;0;53;0;3;0;NA;NA;NA;NA;NA;NA;NA;NA;;NA;20903278;70.151;17.6;2.409;1.358;1.703.102;43.7;269.048;2.42;1.6;23.9;11.877;0.4;61.58;7
33;BDI;Africa;Burundi;31/07/2020;387;0;1;0;33;0;0;0;NA;NA;NA;NA;NA;NA;NA;NA;;NA;11890781;423.062;17.5;2.562;1.504;702.225;71.7;293.068;6.05;NA;NA;6.144;0.8;61.58;7
37;CPV;Africa;Cape Verde;31/07/2020;2373;0;23;0;4268;0;41;0;NA;NA;NA;NA;NA;NA;NA;NA;;NA;555988;135.58;25.7;4.46;3.437;6.222.554;NA;182.219;2.42;2.1;16.5;NA;2.1;72.98;7
34;KHM;Asia;Cambodia;31/07/2020;234;0;0;0;14;0;0;0;NA;NA;NA;NA;NA;NA;NA;NA;;NA;16718971;90.672;25.6;4.412;2.385;3645.07;NA;270.892;4;2;33.7;66.229;0.8;69.82;7
35;CMR;Africa;Cameroon;31/07/2020;17255;0;387;0;650;0;15;0;NA;NA;NA;NA;NA;NA;NA;NA;;60.19;26545864;50.885;18.8;3.165;1.919;3.364.926;23.8;244.661;7.2;NA;NA;2.735;1.3;59.29;7
36;CAN;North America;Canada;31/07/2020;115785;329;8929;12;3068;8.717;237;0.318;53733;4050358;107.317;1.424;50434;1.336;112.936;0.009;people tested;NA;37742157;4.037;41.4;16.984;10.797;44.017.591;0.5;105.599;7.37;12;16.6;NA;2.5;82.43;7
38;CYM;North America;Cayman Islands;31/07/2020;203;0;1;0;3089;0;15;0;NA;NA;NA;NA;NA;NA;NA;NA;;NA;65720;256.496;NA;NA;NA;49.903.029;NA;NA;13.22;NA;NA;NA;NA;83.92;7
39;CAF;Africa;Central African Republic;31/07/2020;4605;0;59;0;953;0;12;0;NA;NA;NA;NA;NA;NA;NA;NA;;54.63;4829764;7.479;18.3;3.655;2.251;661.24;NA;435.727;6.1;NA;NA;16.603;1;53.28;7
40;TCD;Africa;Chad;31/07/2020;935;9;75;0;57;0.548;5;0;NA;NA;NA;NA;NA;NA;NA;NA;;NA;16425859;11.833;16.7;2.486;1.446;1.768.153;38.4;280.995;6.1;NA;NA;5.818;NA;54.24;7
41;CHL;South America;Chile;31/07/2020;353536;1961;9377;99;18494;102.583;491;5.179;22874;1623992;84.954;1.197;19754;1.033;9.358;0.107;tests performed;86.57;19116209;24.282;35.4;11.087;6.938;22.767.037;1.3;127.993;8.46;34.2;41.5;NA;2.11;80.18;7
42;CHN;Asia;China;31/07/2020;87489;276;4659;0;61;0.192;3;0;NA;NA;NA;NA;NA;NA;NA;NA;;NA;1439323774;147.674;38.7;10.641;5.929;15.308.712;0.7;261.899;9.74;1.9;48.4;NA;4.34;76.91;7
43;COL;South America;Colombia;31/07/2020;286020;9965;9810;356;5621;195.842;193;6.996;35990;1573679;30.927;0.707;32025;0.629;3.758;0.266;samples tested;NA;50882884;44.223;32.2;7.646;4.312;13.254.949;4.5;124.24;7.44;4.7;13.5;65.386;1.71;77.29;7
44;COM;Africa;Comoros;31/07/2020;378;0;7;0;435;0;8;0;NA;NA;NA;NA;NA;NA;NA;NA;;NA;869595;437.352;20.4;2.963;1.726;1413.89;18.1;261.516;11.88;4.4;23.6;15.574;2.2;64.32;7
45;COG;Africa;Congo;31/07/2020;3376;176;56;2;612;31.895;10;0.362;NA;NA;NA;NA;NA;NA;NA;NA;;62.04;5518092;15.405;19;3.402;2.063;4.881.406;37;344.094;7.2;1.7;52.3;47.964;NA;64.57;7
46;CRI;North America;Costa Rica;31/07/2020;17290;490;140;7;3394;96.189;27;1.374;1744;76728;15.062;0.342;1693;0.332;2.848;0.351;people tested;NA;5094114;96.079;33.6;9.468;5.694;15.524.995;1.3;137.973;8.78;6.4;17.4;83.841;1.13;80.28;7
47;CIV;Africa;Cote d'Ivoire;31/07/2020;15978;165;100;1;606;6.255;4;0.038;951;100685;3.817;0.036;1290;0.049;9.243;0.108;samples tested;26.39;26378275;76.399;18.7;2.933;1.582;3.601.006;28.2;303.74;2.42;NA;NA;19.351;NA;57.78;7
48;HRV;Europe;Croatia;31/07/2020;5071;78;144;3;1235;19;35;0.731;1785;118955;28.976;0.435;1371;0.334;21.961;0.046;people tested;24.07;4105268;73.726;44;19.724;13.053;22.669.797;0.7;253.782;5.59;34.3;39.9;NA;5.54;78.49;7
49;CUB;North America;Cuba;31/07/2020;2597;9;87;0;229;0.795;8;0;3502;267649;23.63;0.309;3376;0.298;180.397;0.006;tests performed;NA;11326616;110.408;43.1;14.738;9.719;NA;NA;190.968;8.27;17.1;53.3;85.198;5.2;78.8;7
50;CUW;North America;Curacao;31/07/2020;29;0;1;0;177;0;6;0;NA;NA;NA;NA;NA;NA;NA;NA;;NA;164100;362.644;41.7;16.367;10.068;NA;NA;NA;11.62;NA;NA;NA;NA;78.88;7
51;CYP;Europe;Cyprus;31/07/2020;1084;4;19;0;1238;4.567;22;0;NA;NA;NA;NA;NA;NA;NA;NA;;52.78;875899;127.657;37.3;13.416;8.563;32.415.132;NA;141.171;9.24;19.6;52.7;NA;3.4;80.98;7
52;CZE;Europe;Czech Republic;31/07/2020;16342;249;379;5;1526;23.252;35;0.467;8110;699239;65.295;0.757;6050;0.565;27.464;0.036;tests performed;36.11;10708982;137.176;43.3;19.027;11.58;32.605.906;NA;227.485;6.82;30.5;38.3;NA;6.63;79.38;7
54;DNK;Europe;Denmark;31/07/2020;13725;91;615;1;2370;15.711;106;0.173;19703;1540695;265.995;3.402;18004;3.108;376.203;0.003;tests performed;60.19;5792203;136.52;42.3;19.677;12.325;46.682.515;0.2;114.767;6.41;19.3;18.8;NA;2.5;80.9;7
55;DJI;Africa;Djibouti;31/07/2020;5081;0;58;0;5143;0;59;0;NA;NA;NA;NA;NA;NA;NA;NA;;NA;988002;41.285;25.4;4.213;2.38;2.705.406;22.5;258.037;6.05;1.7;24.5;NA;1.4;67.11;7
56;DMA;North America;Dominica;31/07/2020;18;0;0;0;250;0;0;0;NA;NA;NA;NA;NA;NA;NA;NA;;36.11;71991;98.567;NA;NA;NA;9.673.367;NA;227.376;11.62;NA;NA;NA;3.8;75;7
57;DOM;North America;Dominican Republic;31/07/2020;67915;1733;1146;23;6261;159.754;106;2.12;NA;NA;NA;NA;NA;NA;NA;NA;;NA;10847904;222.873;27.6;6.981;4.419;14.600.861;1.6;266.653;8.2;8.5;19.1;55.182;1.6;74.08;7
58;ECU;South America;Ecuador;31/07/2020;84370;1177;5657;34;4782;66.712;321;1.927;2501;181594;10.293;0.142;2269;0.129;NA;NA;units unclear;81.02;17643060;66.939;28.1;7.104;4.458;10.581.936;3.6;140.448;5.55;2;12.3;80.635;1.5;77.01;7
59;EGY;Africa;Egypt;31/07/2020;93757;401;4774;46;916;3.919;47;0.45;NA;NA;NA;NA;NA;NA;NA;NA;;60.19;102334403;97.999;25.3;5.159;2.891;10.550.206;1.3;525.432;17.31;0.2;50.1;89.827;1.6;71.99;7
60;SLV;North America;El Salvador;31/07/2020;16230;389;439;9;2502;59.973;68;1.388;NA;NA;NA;NA;NA;NA;NA;NA;;NA;6486201;307.811;27.6;8.273;5.417;7.292.458;2.2;167.295;8.87;2.5;18.8;90.65;1.3;73.32;7
61;GNQ;Africa;Equatorial Guinea;31/07/2020;3071;0;51;0;2189;0;36;0;NA;NA;NA;NA;NA;NA;NA;NA;;NA;1402985;45.194;22.4;2.846;1.752;22.604.873;NA;202.812;7.78;NA;NA;24.64;2.1;58.74;7
62;ERI;Africa;Eritrea;31/07/2020;279;14;0;0;79;3.948;0;0;NA;NA;NA;NA;NA;NA;NA;NA;;NA;3546427;44.304;19.3;3.607;2.171;1.510.459;NA;311.11;6.05;0.2;11.4;NA;0.7;66.32;7
63;EST;Europe;Estonia;31/07/2020;2051;9;63;0;1546;6.785;47;0;530;119743;90.267;0.4;444;0.335;129.5;0.008;tests performed;NA;1326539;31.033;42.7;19.452;13.491;29.481.252;0.5;255.569;4.02;24.5;39.3;NA;4.69;78.74;7
64;ETH;Africa;Ethiopia;31/07/2020;16615;805;263;10;145;7.002;2;0.087;NA;NA;NA;NA;NA;NA;NA;NA;;77.78;114963583;104.957;19.8;3.526;2.063;1.729.927;26.7;182.634;7.47;0.4;8.5;7.96;0.3;66.6;7
65;FRO;Europe;Faeroe Islands;31/07/2020;220;0;0;0;4502;0;0;0;NA;NA;NA;NA;NA;NA;NA;NA;;NA;48865;35.308;NA;NA;NA;NA;NA;NA;NA;NA;NA;NA;NA;80.67;7
67;FJI;Oceania;Fiji;31/07/2020;27;0;0;0;30;0;0;0;12;6936;7.737;0.013;42;0.047;NA;0;samples tested;NA;896444;49.562;28.6;6.224;3.284;8.702.975;1.4;412.82;14.49;10.2;34.8;NA;2.3;67.44;7
68;FIN;Europe;Finland;31/07/2020;7423;9;329;0;1340;1.624;59;0;5331;372074;67.153;0.962;4353;0.786;597.471;0.002;samples tested;NA;5540718;18.136;42.8;21.228;13.264;40.585.721;NA;153.507;5.76;18.3;22.6;NA;3.28;81.91;7
69;FRA;Europe;France;31/07/2020;186573;1377;30254;16;2858;21.096;463;0.245;87328;NA;NA;1.338;72890;1.117;71.112;0.014;people tested;NA;65273512;122.578;42;19.718;13.079;38.605.671;NA;86.06;4.77;30.1;35.6;NA;5.98;82.66;7
70;PYF;Oceania;French Polynesia;31/07/2020;62;0;0;0;221;0;0;0;NA;NA;NA;NA;NA;NA;NA;NA;;NA;280904;77.324;32.7;7.775;4.593;NA;NA;NA;22.63;NA;NA;NA;NA;77.66;7
71;GAB;Africa;Gabon;31/07/2020;7352;0;49;0;3303;0;22;0;NA;NA;NA;NA;NA;NA;NA;NA;;69.44;2225728;7.859;23.1;4.45;2.976;16.562.413;3.4;259.967;7.2;NA;NA;NA;6.3;66.47;7
72;GMB;Africa;Gambia;31/07/2020;403;77;8;0;167;31.862;3;0;NA;NA;NA;NA;NA;NA;NA;NA;;22.22;2416664;207.566;17.5;2.339;1.417;1.561.767;10.1;331.43;1.91;0.7;31.2;7.876;1.1;62.05;7
73;GEO;Asia;Georgia;31/07/2020;1160;5;17;0;291;1.253;4;0;NA;NA;NA;NA;NA;NA;NA;NA;;53.7;3989175;65.032;38.7;14.864;10.244;9.745.079;4.2;496.218;7.11;5.3;55.5;NA;2.6;73.77;7
74;DEU;Europe;Germany;31/07/2020;208698;870;9141;7;2491;10.384;109;0.084;NA;NA;NA;NA;NA;NA;NA;NA;;48.61;83783945;237.016;46.6;21.453;15.957;45.229.245;NA;156.139;8.31;28.2;33.1;NA;8;81.33;7
75;GHA;Africa;Ghana;31/07/2020;35142;0;175;0;1131;0;6;0;2715;399446;12.855;0.087;3548;0.114;5.2;0.192;units unclear;52.78;31072945;126.719;21.1;3.385;1.948;4227.63;12;298.245;4.97;0.3;7.7;41.047;0.9;64.07;7
76;GIB;Europe;Gibraltar;31/07/2020;187;1;0;0;5550;29.682;0;0;NA;NA;NA;NA;NA;NA;NA;NA;;NA;33691;3457.1;NA;NA;NA;NA;NA;NA;NA;NA;NA;NA;NA;79.93;7
77;GRC;Europe;Greece;31/07/2020;4401;65;203;0;422;6.236;19;0;NA;NA;NA;NA;13311;1.277;320.196;0.003;samples tested;51.85;10423056;83.479;45.3;20.396;14.524;24.574.382;1.5;175.695;4.55;35.3;52;NA;4.21;82.24;7
78;GRL;North America;Greenland;31/07/2020;14;0;0;0;247;0;0;0;NA;NA;NA;NA;NA;NA;NA;NA;;NA;56772;0.137;NA;NA;NA;NA;NA;199.941;2.16;NA;NA;NA;NA;71.7;7
79;GRD;North America;Grenada;31/07/2020;24;0;0;0;213;0;0;0;NA;NA;NA;NA;NA;NA;NA;NA;;NA;112519;317.132;29.4;7.304;5.021;13.593.877;NA;243.964;10.71;NA;NA;NA;3.7;72.4;7
80;GUM;Oceania;Guam;31/07/2020;356;2;5;0;2109;11.85;30;0;NA;NA;NA;NA;NA;NA;NA;NA;;NA;168783;304.128;31.4;9.551;5.493;NA;NA;310.496;21.52;NA;NA;NA;NA;80.07;7
81;GTM;North America;Guatemala;31/07/2020;48826;1221;1867;32;2725;68.153;104;1.786;NA;NA;NA;NA;NA;NA;NA;NA;;NA;17915567;157.834;22.9;4.694;3.016;7.423.808;8.7;155.898;10.18;NA;NA;76.665;0.6;74.3;7
83;GIN;Africa;Guinea;31/07/2020;7242;59;46;0;551;4.493;4;0;NA;NA;NA;NA;NA;NA;NA;NA;;72.22;13132792;51.755;19;3.135;1.733;1.998.926;35.3;336.717;2.42;NA;NA;17.45;0.3;61.6;7
84;GNB;Africa;Guinea-Bissau;31/07/2020;1981;27;26;0;1007;13.72;13;0;NA;NA;NA;NA;NA;NA;NA;NA;;NA;1967998;66.191;19.4;3.002;1.565;1.548.675;67.1;382.474;2.42;NA;NA;6.403;NA;58.32;7
85;GUY;South America;Guyana;31/07/2020;401;3;20;0;510;3.814;25;0;NA;NA;NA;NA;NA;NA;NA;NA;;NA;786559;3.952;26.3;5.305;2.837;7.435.047;NA;373.159;11.62;NA;NA;77.159;1.6;69.91;7
86;HTI;North America;Haiti;31/07/2020;7412;34;161;2;650;2.982;14;0.175;NA;NA;NA;NA;NA;NA;NA;NA;;NA;11402533;398.448;24.3;4.8;2.954;1.653.173;23.5;430.548;6.65;2.9;23.1;22.863;0.7;64;7
87;HND;North America;Honduras;31/07/2020;41426;482;1312;53;4182;48.664;132;5.351;NA;NA;NA;NA;NA;NA;NA;NA;;NA;9904608;82.805;24.9;4.652;2.883;4.541.795;16;240.208;7.21;2;NA;84.169;0.7;75.27;7
88;HUN;Europe;Hungary;31/07/2020;4505;21;596;0;466;2.174;62;0;2702;339163;35.109;0.28;2758;0.285;180.43;0.006;tests performed;NA;9660350;108.043;43.4;18.577;11.976;26.777.561;0.5;278.296;7.55;26.8;34.8;NA;7.02;76.88;7
89;ISL;Europe;Iceland;31/07/2020;1872;11;10;0;5486;32.234;29;0;1324;71930;210.784;3.88;434;1.272;98;0.01;tests performed;39.81;341250;3.404;37.3;14.431;9.207;46.482.958;0.2;117.992;5.31;14.3;15.2;NA;2.91;82.99;7
90;IND;Asia;India;31/07/2020;1638870;55078;35747;779;1188;39.911;26;0.564;642588;18832970;13.647;0.466;486400;0.352;9.702;0.103;samples tested;NA;1380004385;450.419;28.2;5.989;3.414;6.426.674;21.2;282.28;10.39;1.9;20.6;59.55;0.53;69.66;7
91;IDN;Asia;Indonesia;31/07/2020;106336;1904;5058;83;389;6.961;18;0.303;10536;866539;3.168;0.039;12777;0.047;7.054;0.142;people tested;NA;273523621;145.725;29.3;5.319;3.053;11.188.744;5.7;342.864;6.32;2.8;76.1;64.204;1.04;71.72;7
92;IRN;Asia;Iran;31/07/2020;301530;2621;16569;226;3590;31.205;197;2.691;NA;2456909;29.251;NA;25504;0.304;10.204;0.098;tests performed;64.35;83992953;49.831;32.4;5.44;3.182;19082.62;0.2;270.308;9.59;0.8;21.1;NA;1.5;76.68;7
93;IRQ;Asia;Iraq;31/07/2020;121263;2963;4671;68;3015;73.665;116;1.691;NA;NA;NA;NA;NA;NA;NA;NA;;NA;40222503;88.125;20;3.186;1.957;15.663.986;2.5;218.612;8.83;NA;NA;94.576;1.4;70.6;7
94;IRL;Europe;Ireland;31/07/2020;26027;85;1763;0;5271;17.214;357;0;3856;632854;128.165;0.781;5807;1.176;202.234;0.005;tests performed;NA;4937796;69.874;38.7;13.928;8.678;67.335.293;0.2;126.459;3.28;23;25.7;NA;2.96;82.3;7
95;IMN;Europe;Isle of Man;31/07/2020;336;0;24;0;3951;0;282;0;NA;NA;NA;NA;NA;NA;NA;NA;;NA;85032;147.872;NA;NA;NA;NA;NA;NA;NA;NA;NA;NA;NA;81.4;7
96;ISR;Asia;Israel;31/07/2020;70379;1823;503;12;8131;210.617;58;1.386;NA;NA;NA;NA;NA;NA;NA;NA;;NA;8655541;402.606;30.6;11.733;7.359;33132.32;0.5;93.32;6.74;15.4;35.4;NA;2.99;82.97;7
97;ITA;Europe;Italy;31/07/2020;247158;382;35132;3;4088;6.318;581;0.05;29686;4061667;67.177;0.491;27415;0.453;105.442;0.009;people tested;NA;60461828;205.859;47.9;23.021;16.24;35.220.084;2;113.151;4.78;19.8;27.8;NA;3.18;83.51;7
98;JAM;North America;Jamaica;31/07/2020;864;8;10;0;292;2.702;3;0;NA;NA;NA;NA;NA;NA;NA;NA;;64.81;2961161;266.879;31.4;9.684;6.39;8.193.571;NA;206.537;11.28;5.3;28.6;66.425;1.7;74.47;7
99;JPN;Asia;Japan;31/07/2020;33774;1315;1005;2;267;10.397;8;0.016;5348;1096847;8.672;0.042;15115;0.12;18.186;0.055;tests performed;NA;126476458;347.778;48.2;27.049;18.493;39.002.223;NA;79.37;5.72;11.2;33.7;NA;13.05;84.63;7
101;JOR;Asia;Jordan;31/07/2020;1191;4;11;0;117;0.392;1;0;NA;NA;NA;NA;NA;NA;NA;NA;;NA;10203140;109.285;23.2;3.81;2.361;8337.49;0.1;208.257;11.75;NA;NA;NA;1.4;74.53;7
102;KAZ;Asia;Kazakhstan;31/07/2020;89078;1414;793;0;4744;75.306;42;0;NA;NA;NA;NA;NA;NA;NA;NA;;NA;18776707;6.681;30.6;6.991;4.625;24.055.588;0.1;466.792;7.11;7;43.1;98.999;6.7;73.6;7
103;KEN;Africa;Kenya;31/07/2020;19913;788;325;14;370;14.655;6;0.26;8679;303959;5.653;0.161;5408;0.101;8.779;0.114;units unclear;78.7;53771300;87.324;20;2.686;1.528;2.993.028;36.8;218.637;2.92;1.2;20.4;24.651;1.4;66.7;7
105;KWT;Asia;Kuwait;31/07/2020;66529;626;445;1;15579;146.585;104;0.234;2920;505088;118.272;0.684;3668;0.859;5.513;0.181;tests performed;NA;4270563;232.128;33.7;2.345;1.114;65.530.537;NA;132.235;15.84;2.7;37;NA;2;75.49;7
106;KGZ;Asia;Kyrgyzstan;31/07/2020;35805;582;1378;14;5488;89.206;211;2.146;NA;NA;NA;NA;NA;NA;NA;NA;;NA;6524191;32.333;26.3;4.489;2.882;3.393.474;1.4;436.362;7.11;3.6;50.5;89.22;4.5;71.45;7
107;LAO;Asia;Laos;31/07/2020;20;0;0;0;3;0;0;0;NA;NA;NA;NA;NA;NA;NA;NA;;11.11;7275556;29.715;24.4;4.029;2.322;6397.36;22.7;368.111;4;7.3;51.2;49.839;1.5;67.92;7
108;LVA;Europe;Latvia;31/07/2020;1228;4;31;0;651;2.121;16;0;1473;198508;105.242;0.781;1432;0.759;400.96;0.002;tests performed;NA;1886202;31.212;43.9;19.754;14.136;25.063.846;0.7;350.06;4.91;25.6;51;NA;5.57;75.29;7
109;LBN;Asia;Lebanon;31/07/2020;4334;129;57;2;635;18.9;8;0.293;NA;NA;NA;NA;NA;NA;NA;NA;;NA;6825442;594.561;31.1;8.514;5.43;13.367.565;NA;266.591;12.71;26.9;40.7;NA;2.9;78.93;7
110;LSO;Africa;Lesotho;31/07/2020;604;28;13;0;282;13.07;6;0;NA;NA;NA;NA;NA;NA;NA;NA;;71.3;2142252;73.562;22.2;4.506;2.647;2.851.153;59.6;405.126;3.94;0.4;53.9;2.117;NA;54.33;7
111;LBR;Africa;Liberia;31/07/2020;1181;2;73;1;234;0.395;14;0.198;NA;NA;NA;NA;NA;NA;NA;NA;;NA;5057677;49.127;19.2;3.057;1.756;752.788;38.6;272.509;2.42;1.5;18.1;1.188;0.8;64.1;7
112;LBY;Africa;Libya;31/07/2020;3222;205;71;4;469;29.834;10;0.582;NA;NA;NA;NA;NA;NA;NA;NA;;NA;6871287;3.623;29;4.424;2.816;17.881.509;NA;341.862;10.43;NA;NA;NA;3.7;72.91;7
113;LIE;Europe;Liechtenstein;31/07/2020;89;1;1;0;2334;26.221;26;0;NA;NA;NA;NA;NA;NA;NA;NA;;NA;38137;237.012;NA;NA;NA;NA;NA;NA;7.77;NA;NA;NA;2.397;82.49;7
114;LTU;Europe;Lithuania;31/07/2020;2062;19;80;0;757;6.979;29;0;NA;NA;NA;NA;3612;1.327;247.882;0.004;samples tested;NA;2722291;45.135;43.5;19.002;13.778;29.524.265;0.7;342.989;3.67;21.3;38;NA;6.56;75.93;7
115;LUX;Europe;Luxembourg;31/07/2020;6616;83;114;0;10569;132.593;182;0;4274;429501;686.13;6.828;4719;7.539;49.748;0.02;people tested;NA;625976;231.447;39.7;14.312;9.842;94.277.965;0.2;128.275;4.42;20.9;26;NA;4.51;82.25;7
116;MKD;Europe;Macedonia;31/07/2020;10623;119;480;4;5099;57.119;230;1.92;NA;NA;NA;NA;NA;NA;NA;NA;;NA;2083380;82.6;39.1;13.26;8.16;13.111.214;5;322.688;10.08;NA;NA;NA;4.28;75.8;7
117;MDG;Africa;Madagascar;31/07/2020;10748;431;105;6;388;15.565;4;0.217;NA;NA;NA;NA;NA;NA;NA;NA;;NA;27691019;43.951;19.6;2.929;1.686;1416.44;77.6;405.994;3.94;NA;NA;50.54;0.2;67.04;7
118;MWI;Africa;Malawi;31/07/2020;3981;123;109;2;208;6.43;6;0.105;NA;NA;NA;NA;NA;NA;NA;NA;;NA;19129955;197.519;18.1;2.979;1.783;1.095.042;71.4;227.349;3.94;4.4;24.7;8.704;1.3;64.26;7
119;MYS;Asia;Malaysia;31/07/2020;8964;8;124;0;277;0.247;4;0;7565;970644;29.99;0.234;6494;0.201;366.597;0.003;people tested;NA;32365998;96.254;29.9;6.293;3.407;26.808.164;0.1;260.942;16.74;1;42.4;NA;1.9;76.16;7
120;MDV;Asia;Maldives;31/07/2020;3719;152;16;1;6880;281.199;30;1.85;860;78900;145.965;1.591;1151;2.129;13.08;0.076;samples tested;NA;540542;1.454.433;30.6;4.12;2.875;15.183.616;NA;164.905;9.19;2.1;55;95.803;NA;78.92;7
121;MLI;Africa;Mali;31/07/2020;2522;1;124;0;125;0.049;6;0;NA;NA;NA;NA;NA;NA;NA;NA;;NA;20250834;15.196;16.4;2.519;1.486;2.014.306;NA;268.024;2.42;1.6;23;52.232;0.1;59.31;7
122;MLT;Europe;Malta;31/07/2020;749;28;9;0;1696;63.415;20;0;NA;NA;NA;NA;NA;NA;NA;NA;;NA;441539;1.454.037;42.4;19.426;11.324;36.513.323;0.2;168.711;8.83;20.9;30.2;NA;4.485;82.53;7
123;MRT;Africa;Mauritania;31/07/2020;6270;21;156;0;1348;4.516;34;0;NA;NA;NA;NA;NA;NA;NA;NA;;29.63;4649660;4.289;20.3;3.138;1.792;3.597.633;6;232.347;2.42;NA;NA;15.95;NA;64.92;7
124;MUS;Africa;Mauritius;31/07/2020;344;0;10;0;270;0;8;0;NA;NA;NA;NA;NA;NA;NA;NA;;22.22;1271767;622.962;37.4;10.945;5.884;20.292.745;0.5;224.644;22.02;3.2;40.7;NA;3.4;74.99;7
125;MEX;North America;Mexico;31/07/2020;416179;7730;46000;639;3228;59.954;357;4.956;4259;931145;7.222;0.033;8104;0.063;1.248;0.801;people tested;NA;128932753;66.444;29.3;6.857;4.321;17.336.469;2.5;152.783;13.06;6.9;21.4;87.847;1.38;75.05;7
126;MDA;Europe;Moldova;31/07/2020;23947;0;771;12;5936;0;191;2.975;NA;NA;NA;NA;NA;NA;NA;NA;;NA;4033963;123.655;37.6;10.864;6.955;5.189.972;0.2;408.502;5.72;5.9;44.6;86.979;5.8;71.9;7
127;MCO;Europe;Monaco;31/07/2020;120;0;5;0;3058;0;127;0;NA;NA;NA;NA;NA;NA;NA;NA;;NA;39244;19347.5;NA;NA;NA;NA;NA;NA;5.46;NA;NA;NA;13.8;86.75;7
128;MNG;Asia;Mongolia;31/07/2020;291;0;0;0;89;0;0;0;NA;NA;NA;NA;NA;NA;NA;NA;;60.19;3278292;1.98;28.6;4.031;2.421;11.840.846;0.5;460.043;4.82;5.5;46.5;71.18;7;69.87;7
129;MNE;Europe;Montenegro;31/07/2020;3073;57;48;1;4893;90.755;76;1.592;NA;NA;NA;NA;NA;NA;NA;NA;;NA;628062;46.28;39.1;14.762;9.395;16.409.288;1;387.305;10.08;44;47.9;NA;3.861;76.88;7
131;MAR;Africa;Morocco;31/07/2020;23259;1046;346;12;630;28.339;9;0.325;21170;1252365;33.93;0.574;21013;0.569;29.448;0.034;people tested;NA;36910558;80.08;29.6;6.769;4.209;7.485.013;1;419.146;7.14;0.8;47.1;NA;1.1;76.68;7
132;MOZ;Africa;Mozambique;31/07/2020;1808;60;11;0;58;1.92;0;0;NA;NA;NA;NA;NA;NA;NA;NA;;NA;31255435;37.728;17.7;3.158;1.87;1.136.103;62.9;329.942;3.3;5.1;29.1;12.227;0.7;60.85;7
133;MMR;Asia;Myanmar;31/07/2020;353;0;6;0;6;0;0;0;NA;NA;NA;NA;NA;NA;NA;NA;;76.85;54409794;81.721;29.1;5.732;3.12;5.591.597;6.4;202.104;4.61;6.3;35.2;79.287;0.9;67.13;7
134;NAM;Africa;Namibia;31/07/2020;2052;66;10;1;808;25.975;4;0.394;NA;NA;NA;NA;NA;NA;NA;NA;;48.15;2540916;3.078;22;3.552;2.085;9.541.808;13.4;243.811;3.94;9.7;34.2;44.6;NA;63.71;7
135;NPL;Asia;Nepal;31/07/2020;19547;274;52;3;671;9.404;2;0.103;10768;375416;12.885;0.37;5762;0.198;30.884;0.032;tests performed;NA;29136808;204.43;25;5.809;3.212;2.442.804;15;260.797;7.26;9.5;37.8;47.782;0.3;70.78;7
136;NLD;Europe;Netherlands;31/07/2020;53963;342;6140;0;3149;19.959;358;0;NA;NA;NA;NA;NA;NA;NA;NA;;39.81;17134873;508.544;43.2;18.779;11.881;48.472.545;NA;109.361;5.29;24.4;27.3;NA;3.32;82.28;7
137;NCL;Oceania;New Caledonia;31/07/2020;22;0;0;0;77;0;0;0;NA;NA;NA;NA;NA;NA;NA;NA;;NA;285491;15.342;33.4;9.954;6.489;NA;NA;NA;23.36;NA;NA;NA;NA;77.55;7
138;NZL;Oceania;New Zealand;31/07/2020;1210;0;22;0;251;0;5;0;3002;468068;97.065;0.623;2021;0.419;3536.75;0;tests performed;22.22;4822233;18.206;37.9;15.322;9.72;36.085.843;NA;128.797;8.08;14.8;17.2;NA;2.61;82.29;7
139;NIC;North America;Nicaragua;31/07/2020;3672;0;116;0;554;0;18;0;NA;NA;NA;NA;NA;NA;NA;NA;;NA;6624554;51.667;27.3;5.445;3.519;5.321.444;3.2;137.016;11.47;NA;NA;NA;0.9;74.48;7
140;NER;Africa;Niger;31/07/2020;1134;0;69;0;47;0;3;0;NA;NA;NA;NA;NA;NA;NA;NA;;NA;24206636;16.955;15.1;2.553;1.378;926;44.5;238.339;2.42;0.1;15.4;8.978;0.3;62.42;7
141;NGA;Africa;Nigeria;31/07/2020;42689;481;878;5;207;2.333;4;0.024;NA;NA;NA;NA;3835;0.019;7.176;0.139;samples tested;NA;206139587;209.588;18.1;2.751;1.447;5.338.454;NA;181.013;2.42;0.6;10.8;41.949;NA;54.69;7
142;MNP;Oceania;Northern Mariana Islands;31/07/2020;42;0;2;0;730;0;35;0;NA;NA;NA;NA;NA;NA;NA;NA;;NA;57557;119.878;NA;NA;NA;NA;NA;194.994;NA;NA;NA;NA;NA;76.74;7
143;NOR;Europe;Norway;31/07/2020;9172;22;255;0;1692;4.058;47;0;3821;433614;79.984;0.705;3730;0.688;237.364;0.004;people tested;NA;5421242;14.462;39.7;16.821;10.813;64.800.057;0.2;114.316;5.31;19.6;20.7;NA;3.6;82.4;7
144;OMN;Asia;Oman;31/07/2020;79159;590;421;9;15501;115.536;82;1.762;NA;NA;NA;NA;NA;NA;NA;NA;;NA;5106622;14.98;30.7;2.355;1.53;37.960.709;NA;266.342;12.61;0.5;15.6;97.4;1.6;77.86;7
145;PAK;Asia;Pakistan;31/07/2020;278305;903;5951;27;1260;4.088;27;0.122;NA;NA;NA;NA;24344;0.11;21.557;0.046;tests performed;66.67;220892331;255.573;23.5;4.495;2.78;5.034.708;4;423.031;8.35;2.8;36.7;59.607;0.6;67.27;7
146;PSE;Asia;Palestine;31/07/2020;14838;380;84;2;2909;74.489;16;0.392;NA;NA;NA;NA;NA;NA;NA;NA;;NA;5101416;778.202;20.4;3.043;1.726;4.449.898;1;265.91;10.59;NA;NA;NA;NA;74.05;7
147;PAN;North America;Panama;31/07/2020;64191;922;1397;23;14877;213.685;324;5.331;3098;220421;51.085;0.718;3168;0.734;3.007;0.333;tests performed;NA;4314768;55.133;29.7;7.918;5.03;22.267.037;2.2;128.346;8.33;2.4;9.9;NA;2.3;78.51;7
148;PNG;Oceania;Papua New Guinea;31/07/2020;72;9;2;0;8;1.006;0;0;NA;NA;NA;NA;NA;NA;NA;NA;;NA;8947027;18.22;22.6;3.808;2.142;3.823.194;NA;561.494;17.65;23.5;48.8;NA;NA;64.5;7
149;PRY;South America;Paraguay;31/07/2020;5207;341;47;1;730;47.809;7;0.14;NA;NA;NA;NA;NA;NA;NA;NA;;NA;7132530;17.144;26.5;6.378;3.833;8827.01;1.7;199.128;8.27;5;21.6;79.602;1.3;74.25;7
150;PER;South America;Peru;31/07/2020;407492;6809;19021;205;12359;206.51;577;6.217;NA;NA;NA;NA;NA;NA;NA;NA;;81.48;32971846;25.129;29.1;7.151;4.455;12.236.706;3.5;85.755;5.95;4.8;NA;NA;1.6;76.74;7
151;PHL;Asia;Philippines;31/07/2020;89374;3888;1983;21;816;35.481;18;0.192;36874;1435618;13.101;0.336;32151;0.293;15.02;0.067;people tested;76.85;109581085;351.873;25.2;4.803;2.661;7.599.188;NA;370.437;7.07;7.8;40.8;78.463;1;71.23;7
152;POL;Europe;Poland;31/07/2020;45031;615;1709;15;1190;16.25;45;0.396;22394;1931574;51.037;0.592;18747;0.495;38.026;0.026;people tested;39.81;37846605;124.027;41.8;16.763;10.202;27.216.445;NA;227.331;5.91;23.3;33.1;NA;6.62;78.73;7
153;PRT;Europe;Portugal;31/07/2020;50868;255;1727;2;4989;25.008;169;0.196;NA;NA;NA;NA;NA;NA;NA;NA;;NA;10196707;112.371;46.2;21.502;14.924;27.936.896;0.5;127.842;9.85;16.3;30;NA;3.39;82.05;7
154;PRI;North America;Puerto Rico;31/07/2020;16572;511;214;3;5793;178.619;75;1.049;NA;NA;NA;NA;NA;NA;NA;NA;;NA;2860840;376.232;38.2;15.168;9.829;35044.67;NA;108.094;12.9;NA;NA;NA;NA;80.1;7
155;QAT;Asia;Qatar;31/07/2020;110460;307;171;2;38340;106.558;59;0.694;2808;495377;171.943;0.975;4386;1.522;13.855;0.072;people tested;77.78;2881060;227.322;31.9;1.307;0.617;116935.6;NA;176.69;16.52;0.8;26.9;NA;1.2;80.23;7
156;ROU;Europe;Romania;31/07/2020;49591;1356;2304;35;2578;70.487;120;1.819;23451;1226058;63.732;1.219;24629;1.28;20.731;0.048;tests performed;NA;19237682;85.129;43;17.85;11.69;23.313.199;5.7;370.946;9.74;22.9;37.1;NA;6.892;76.05;7
157;RUS;Europe;Russia;31/07/2020;834499;5509;13802;129;5718;37.75;95;0.884;316551;28478012;195.142;2.169;266770;1.828;47.322;0.021;tests performed;NA;145934460;8.823;39.6;14.178;9.393;24.765.954;0.1;431.297;6.18;23.4;58.3;NA;8.05;72.58;7
158;RWA;Africa;Rwanda;31/07/2020;1994;58;5;0;154;4.478;0;0;NA;NA;NA;NA;NA;NA;NA;NA;;NA;12952209;494.869;20.3;2.974;1.642;1.854.211;56;191.375;4.28;4.7;21;4.617;NA;69.02;7
162;SMR;Europe;San Marino;31/07/2020;699;0;42;0;20596;0;1238;0;NA;NA;NA;NA;NA;NA;NA;NA;;NA;33938;556.667;NA;NA;NA;56861.47;NA;NA;5.64;NA;NA;NA;3.8;84.97;7
163;STP;Africa;Sao Tome and Principe;31/07/2020;870;2;15;0;3970;9.126;68;0;NA;NA;NA;NA;NA;NA;NA;NA;;NA;219161;212.841;18.7;2.886;2.162;3.052.714;32.3;270.113;2.42;NA;NA;41.34;2.9;70.39;7
164;SAU;Asia;Saudi Arabia;31/07/2020;274219;1629;2866;50;7877;46.792;82;1.436;60849;3341253;95.975;1.748;57659;1.656;29.194;0.034;units unclear;NA;34813867;15.322;31.9;3.295;1.845;49.045.411;NA;259.538;17.72;1.8;25.4;NA;2.7;75.13;7
165;SEN;Africa;Senegal;31/07/2020;10106;145;204;4;604;8.66;12;0.239;1374;110861;6.621;0.082;1353;0.081;11.275;0.089;tests performed;NA;16743930;82.328;18.7;3.008;1.796;2470.58;38;241.219;2.42;0.4;16.6;20.859;NA;67.94;7
166;SRB;Europe;Serbia;31/07/2020;25213;321;565;7;3705;47.174;83;1.029;9436;668984;98.314;1.387;9571;1.407;24.187;0.041;people tested;NA;6804596;80.291;41.2;17.366;NA;14.048.881;NA;439.415;10.08;37.7;40.2;97.719;5.609;76;7
167;SYC;Africa;Seychelles;31/07/2020;114;0;0;0;1159;0;0;0;NA;NA;NA;NA;NA;NA;NA;NA;;33.33;98340;208.354;36.2;8.606;5.586;26.382.287;1.1;242.648;10.55;7.1;35.7;NA;3.6;73.4;7
168;SLE;Africa;Sierra Leone;31/07/2020;1818;15;67;0;228;1.88;8;0;NA;NA;NA;NA;NA;NA;NA;NA;;NA;7976985;104.7;19.1;2.538;1.285;1390.3;52.2;325.721;2.42;8.8;41.3;19.275;NA;54.7;7
169;SGP;Asia;Singapore;31/07/2020;51809;278;27;0;8856;47.519;5;0;NA;NA;NA;NA;NA;NA;NA;NA;;51.85;5850343;7.915.731;42.4;12.922;7.049;85.535.383;NA;92.243;10.99;5.2;28.3;NA;2.4;83.62;7
170;SXM;North America;Sint Maarten (Dutch part);31/07/2020;128;7;15;0;2985;163.239;350;0;NA;NA;NA;NA;NA;NA;NA;NA;;NA;42882;1.209.088;NA;NA;NA;36.327.232;NA;NA;NA;NA;NA;NA;NA;78.95;7
171;SVK;Europe;Slovakia;31/07/2020;2265;20;28;0;415;3.663;5;0;2176;261562;47.908;0.399;1590;0.291;63.239;0.016;tests performed;NA;5459643;113.128;41.2;15.07;9.167;30.155.152;0.7;287.959;7.29;23.1;37.7;NA;5.82;77.54;7
172;SVN;Europe;Slovenia;31/07/2020;2139;24;117;0;1029;11.544;56;0;892;131053;63.039;0.429;769;0.37;50.783;0.02;tests performed;NA;2078932;102.619;44.5;19.062;12.93;31400.84;NA;153.493;7.25;20.1;25;NA;4.5;81.32;7
173;SOM;Africa;Somalia;31/07/2020;3212;0;93;0;202;0;6;0;NA;NA;NA;NA;NA;NA;NA;NA;;NA;15893219;23.5;16.8;2.731;1.496;NA;NA;365.769;6.05;NA;NA;9.831;0.9;57.4;7
174;ZAF;Africa;South Africa;31/07/2020;482169;11046;7812;315;8130;186.246;132;5.311;41486;2959535;49.901;0.699;39292;0.662;3.711;0.269;people tested;NA;59308690;46.754;27.3;5.344;3.053;12.294.876;18.9;200.38;5.52;8.1;33.2;43.993;2.32;64.13;7
176;SSD;Africa;South Sudan;31/07/2020;2322;0;46;0;207;0;4;0;NA;NA;NA;NA;NA;NA;NA;NA;;NA;11193729;NA;19.2;3.441;2.032;1.569.888;NA;280.775;10.43;NA;NA;NA;NA;57.85;7
177;ESP;Europe;Spain;31/07/2020;288522;3092;28445;2;6171;66.132;608;0.043;NA;NA;NA;NA;NA;NA;NA;NA;;NA;46754783;93.105;45.5;19.436;13.799;34272.36;1;99.403;7.17;27.4;31.4;NA;2.97;83.56;7
178;LKA;Asia;Sri Lanka;31/07/2020;2814;3;11;0;131;0.14;1;0;NA;NA;NA;NA;NA;NA;NA;NA;;50;21413250;341.955;34.1;10.069;5.331;11.669.077;0.7;197.093;10.68;0.3;27;NA;3.6;76.98;7
179;SDN;Africa;Sudan;31/07/2020;11496;0;725;0;262;0;17;0;NA;NA;NA;NA;NA;NA;NA;NA;;71.3;43849269;23.258;19.7;3.548;2.034;4.466.507;NA;431.388;15.67;NA;NA;23.437;0.8;65.31;7
180;SUR;South America;Suriname;31/07/2020;1650;43;26;0;2813;73.3;44;0;NA;NA;NA;NA;NA;NA;NA;NA;;NA;586634;3.612;29.6;6.933;4.229;13.767.119;NA;258.314;12.54;7.4;42.9;67.779;3.1;71.68;7
182;SWE;Europe;Sweden;31/07/2020;80100;318;5739;9;7931;31.487;568;0.891;NA;NA;NA;NA;NA;NA;NA;NA;;NA;10099270;24.718;41;19.985;13.433;46.949.283;0.5;133.982;4.79;18.8;18.9;NA;2.22;82.8;7
183;CHE;Europe;Switzerland;31/07/2020;34933;219;1703;1;4036;25.304;197;0.116;5646;799366;92.363;0.652;5406;0.625;37.1;0.027;tests performed;39.35;8654618;214.243;43.1;18.436;12.644;57.410.166;NA;99.739;5.59;22.6;28.9;NA;4.53;83.78;7
184;SYR;Asia;Syria;31/07/2020;738;21;41;1;42;1.2;2;0.057;NA;NA;NA;NA;NA;NA;NA;NA;;61.11;17500657;NA;21.7;NA;2.577;NA;NA;376.264;NA;NA;NA;70.598;1.5;72.7;7
186;TJK;Asia;Tajikistan;31/07/2020;7366;46;60;0;772;4.823;6;0;NA;NA;NA;NA;NA;NA;NA;NA;;45.37;9537642;64.281;23.3;3.466;2.155;2.896.913;4.8;427.698;7.11;NA;NA;72.704;4.8;71.1;7
187;TZA;Africa;Tanzania;31/07/2020;509;0;21;0;9;0;0;0;NA;NA;NA;NA;NA;NA;NA;NA;;22.22;59734213;64.699;17.7;3.108;1.874;2.683.304;49.1;217.288;5.75;3.3;26.7;47.953;0.7;65.46;7
188;THA;Asia;Thailand;31/07/2020;3310;6;58;0;47;0.086;1;0;2682;375346;5.377;0.038;1926;0.028;434.903;0.002;people tested;NA;69799978;135.132;40.1;11.373;6.89;16.277.671;0.1;109.861;7.04;1.9;38.8;90.67;2.1;77.15;7
189;TLS;Asia;Timor;31/07/2020;24;0;0;0;18;0;0;0;NA;NA;NA;NA;NA;NA;NA;NA;;NA;1318442;87.176;18;3.556;1.897;6.570.102;30.3;335.346;6.86;6.3;78.1;28.178;5.9;69.5;7
190;TGO;Africa;Togo;31/07/2020;927;31;18;0;112;3.745;2;0;474;42533;5.138;0.057;386;0.047;27.293;0.037;tests performed;NA;8278737;143.366;19.4;2.839;1.525;1.429.813;49.2;280.033;6.15;0.9;14.2;10.475;0.7;61.04;7
191;TTO;North America;Trinidad and Tobago;31/07/2020;164;8;8;0;117;5.716;6;0;NA;NA;NA;NA;NA;NA;NA;NA;;NA;1399491;266.886;36.2;10.014;5.819;28.763.071;NA;228.467;10.97;NA;NA;89.443;3;73.51;7
192;TUN;Africa;Tunisia;31/07/2020;1514;26;50;0;128;2.2;4;0;99;92960;7.866;0.008;920;0.078;59.63;0.017;tests performed;NA;11818618;74.228;32.7;8.001;5.075;10.849.297;2;318.991;8.52;1.1;65.8;78.687;2.3;76.7;7
193;TUR;Asia;Turkey;31/07/2020;229891;967;5674;15;2726;11.466;67;0.178;44846;4845669;57.455;0.532;50901;0.604;54.183;0.018;tests performed;NA;84339067;104.914;31.6;8.153;5.061;25.129.341;0.2;171.285;12.13;14.1;41.1;NA;2.81;77.69;7
197;ARE;Asia;United Arab Emirates;31/07/2020;60506;585;351;4;6118;59.148;35;0.404;54727;5076384;513.264;5.533;50301;5.086;139.836;0.007;samples tested;NA;9890400;112.442;34;1.144;0.526;67.293.483;NA;317.84;17.26;1.2;37.4;NA;1.2;77.97;7
195;UGA;Africa;Uganda;31/07/2020;1147;7;2;0;25;0.153;0;0;2550;275355;6.02;0.056;2443;0.053;237.514;0.004;samples tested;76.85;45741000;213.759;16.4;2.168;1.308;1.697.707;41.6;213.333;2.5;3.4;16.7;21.222;0.5;63.37;7
196;UKR;Europe;Ukraine;31/07/2020;68794;1197;1673;23;1573;27.37;38;0.526;15427;1029220;23.534;0.353;13173;0.301;13.281;0.075;units unclear;37.96;43733759;77.39;41.4;16.462;11.133;7.894.393;0.1;539.849;7.11;13.5;47.4;NA;8.8;72.06;7
198;GBR;Europe;United Kingdom;31/07/2020;302301;846;45999;38;4453;12.462;678;0.56;147002;9562383;140.859;2.165;128341;1.891;232.201;0.004;tests performed;64.35;67886004;272.898;40.8;18.517;12.527;39.753.244;0.2;122.137;4.28;20;24.7;NA;2.54;81.32;7
199;USA;North America;United States;31/07/2020;4495014;68032;152070;1357;13580;205.533;459;4.1;718956;55372983;167.289;2.172;790698;2.389;12.009;0.083;units unclear (incl. non-PCR);NA;331002647;35.608;38.3;15.413;9.732;54.225.446;1.2;151.089;10.79;19.1;24.6;NA;2.77;78.86;7
201;URY;South America;Uruguay;31/07/2020;1243;6;35;0;358;1.727;10;0;2586;113537;32.684;0.744;1995;0.574;136.912;0.007;tests performed;NA;3473727;19.751;35.6;14.655;10.361;20.551.409;0.1;160.708;6.93;14;19.9;NA;2.8;77.91;7
202;UZB;Asia;Uzbekistan;31/07/2020;23558;686;137;5;704;20.496;4;0.149;NA;NA;NA;NA;NA;NA;NA;NA;;NA;33469199;76.134;28.2;4.469;2.873;6.253.104;NA;724.417;7.57;1.3;24.7;NA;4;71.72;7
203;VAT;Europe;Vatican;31/07/2020;12;0;0;0;14833;0;0;0;NA;NA;NA;NA;NA;NA;NA;NA;;NA;809;NA;NA;NA;NA;NA;NA;NA;NA;NA;NA;NA;NA;75.12;7
204;VEN;South America;Venezuela;31/07/2020;17859;1288;158;7;628;45.295;6;0.246;NA;NA;NA;NA;NA;NA;NA;NA;;86.11;28435943;36.253;29;6.614;3.915;16.745.022;NA;204.85;6.47;NA;NA;NA;0.8;72.06;7
205;VNM;Asia;Vietnam;31/07/2020;509;50;0;0;5;0.514;0;0;NA;NA;NA;NA;NA;NA;NA;NA;;75.46;97338583;308.127;32.6;7.15;4.718;6.171.884;2;245.465;6;1;45.9;85.847;2.6;75.4;7
206;ESH;Africa;Western Sahara;31/07/2020;766;0;1;0;1282;0;2;0;NA;NA;NA;NA;NA;NA;NA;NA;;NA;597330;NA;28.4;NA;1.38;NA;NA;NA;NA;NA;NA;NA;NA;70.26;7
207;YEM;Asia;Yemen;31/07/2020;1726;15;487;2;58;0.503;16;0.067;NA;NA;NA;NA;NA;NA;NA;NA;;NA;29825968;53.508;20.3;2.922;1.583;1.479.147;18.8;495.003;5.35;7.6;29.2;49.542;0.7;66.12;7
208;ZMB;Africa;Zambia;31/07/2020;5555;306;149;3;302;16.645;8;0.163;NA;NA;NA;NA;NA;NA;NA;NA;;NA;18383956;22.995;17.7;2.48;1.542;3.689.251;57.5;234.499;3.94;3.1;24.7;13.938;2;63.89;7
209;ZWE;Africa;Zimbabwe;31/07/2020;3092;213;53;12;208;14.331;4;0.807;NA;NA;NA;NA;NA;NA;NA;NA;;NA;14862927;42.729;19.6;2.822;1.882;1.899.775;21.4;307.846;1.82;1.6;30.7;36.791;1.7;61.49;7
210;OWID_WRL;;World;31/07/2020;17301623;290464;673279;6430;2220;37.264;86;0.825;NA;NA;NA;NA;NA;NA;NA;NA;;NA;7794798729;58.045;30.9;8.696;5.355;15.469.207;10;233.07;8.51;6.434;34.635;60.13;2.705;72.58;7
